,ontarget,offtarget,activity,CRISPR_Net,piCRISPR_old,CnnCrispr_classification,DeepCRISPR,crisprSQL activity,crisprSQL activity_backtransformed
0,GACGCATAAAGATGAGACGCTGG,GACGCATAAAGATGAGACGCTGG,0.0928059068718,0.71153814,-1.9173235893249512,0.9999993,0.083268195,1.1912154,0.09280590957901419
1,GACGCATAAAGATGAGACGCTGG,GCCGCATAAAGATGAGACGCTGG,0.07872016498630001,0.81621474,-1.3727937936782837,0.99997866,0.10164964,0.99363331,0.07872016498515783
2,GACGCATAAAGATGAGACGCTGG,GAGGCATAAAGATGAGACGCTGG,0.119446527474,0.7766045,-1.28895902633667,0.99992096,0.08920014,1.582888995,0.11944652745886632
3,GACGCATAAAGATGAGACGCTGG,GTCGCATAAAGATGAGACGCTGG,0.114618189415,0.82711524,-1.8406617641448972,0.9999839,0.09074554,1.510108005,0.11461818939137777
4,GACGCATAAAGATGAGACGCTGG,GAAGCATAAAGATGAGACGCTGG,0.132345410767,0.7494953000000001,-1.5856255292892456,0.9997174000000001,0.08076835,1.781338371,0.1323454107373186
5,GACGCATAAAGATGAGACGCTGG,GATGCATAAAGATGAGACGCTGG,0.14436947128,0.76075673,-1.1224365234375,0.9999558000000001,0.08891958,1.971712601,0.14436947129464375
6,GACGCATAAAGATGAGACGCTGG,GGCGCATAAAGATGAGACGCTGG,0.18154228986200002,0.79726833,-1.2454699277877808,0.9999806999999998,0.07203739999999999,2.594729219,0.18154228988773702
7,GACGCATAAAGATGAGACGCTGG,GACGGATAAAGATGAGACGCTGG,0.008596483716690001,0.6836856,-2.843345642089844,0.99999547,0.08279294,0.099956691,0.008596483734549121
8,GACGCATAAAGATGAGACGCTGG,GACACATAAAGATGAGACGCTGG,0.115995295517,0.8246738000000001,-1.6723518371582031,0.9999659,0.08361858,1.5307836959999999,0.11599529553417469
9,GACGCATAAAGATGAGACGCTGG,GACGCATAATGATGAGACGCTGG,0.056184056692399995,0.83960485,-1.8844556808471682,0.9999988000000001,0.068293005,0.6905476070000001,0.056184056655718184
10,GACGCATAAAGATGAGACGCTGG,GACGTATAAAGATGAGACGCTGG,0.111148283845,0.8801495,-1.8378643989562988,0.9999950000000001,0.087613225,1.458301089,0.11114828382780263
11,GACGCATAAAGATGAGACGCTGG,GACCCATAAAGATGAGACGCTGG,0.10678162835100001,0.8672914,-2.27730655670166,0.9999136999999999,0.09875351,1.393690841,0.10678162833568211
12,GACGCATAAAGATGAGACGCTGG,GACGCATAGAGATGAGACGCTGG,0.0201204142155,0.9180253,-2.7962899208068848,0.9999969999999999,0.08588526,0.237094597,0.020120414244494084
13,GACGCATAAAGATGAGACGCTGG,GACGCATAAGGATGAGACGCTGG,0.00586891296755,0.84885365,-1.9290657043457031,0.9999026,0.05724141,0.068026969,0.005868912936300287
14,GACGCATAAAGATGAGACGCTGG,GACGCAAAAAGATGAGACGCTGG,0.00208172468785,0.8842947,-2.39329195022583,0.99999917,0.067902416,0.024024273999999998,0.002081724728866544
15,GACGCATAAAGATGAGACGCTGG,GACGCATACAGATGAGACGCTGG,0.00228748213652,0.8913870999999999,-3.1888294219970703,0.99999976,0.07435169999999999,0.02640509,0.0022874821613343525
16,GACGCATAAAGATGAGACGCTGG,GACTCATAAAGATGAGACGCTGG,0.09324894457539999,0.8356312,-2.7299587726593018,0.9999144,0.09152967,1.197534441,0.09324894457615811
17,GACGCATAAAGATGAGACGCTGG,GACGCATGAAGATGAGACGCTGG,0.0038958906170399998,0.93444395,-2.8969957828521733,0.99992454,0.08471352,0.045054881,0.0038958905948535596
18,GACGCATAAAGATGAGACGCTGG,GACGAATAAAGATGAGACGCTGG,0.019642139447400002,0.7431137,-2.482316493988037,0.9999925,0.07343668,0.231330325,0.019642139471842006
19,GACGCATAAAGATGAGACGCTGG,GACGCATAACGATGAGACGCTGG,0.00465650328521,0.7907204000000001,-1.9439501762390137,0.9999783000000001,0.06328803,0.053898407999999995,0.00465650327390513
20,GACGCATAAAGATGAGACGCTGG,GACGCGTAAAGATGAGACGCTGG,0.000971813092723,0.88909936,-2.9282441139221187,0.9999998999999999,0.07590854,0.011200938999999998,0.0009718130840206445
21,GACGCATAAAGATGAGACGCTGG,GACGCATATAGATGAGACGCTGG,0.08152311840439999,0.91078186,-1.5325269699096682,0.9999994000000001,0.084741384,1.032441552,0.08152311840943813
22,GACGCATAAAGATGAGACGCTGG,GACGCATCAAGATGAGACGCTGG,0.00116725554782,0.8952136999999999,-2.5063729286193848,0.9999974,0.09961504,0.013456602,0.0011672555729954
23,GACGCATAAAGATGAGACGCTGG,GACGCATTAAGATGAGACGCTGG,0.011172984073299998,0.91794485,-2.44490647315979,0.9999986999999999,0.08180559,0.130302678,0.011172984071592382
24,GACGCATAAAGATGAGACGCTGG,GACGCTTAAAGATGAGACGCTGG,0.00493182712775,0.8543983,-2.747958183288574,1.0,0.06421065,0.057103376,0.0049318271228032335
25,GACGCATAAAGATGAGACGCTGG,GACGCAGAAAGATGAGACGCTGG,0.000458729016148,0.89681447,-3.134119987487793,0.99999917,0.08308041,0.005284103,0.00045872900048537493
26,GACGCATAAAGATGAGACGCTGG,GACGCCTAAAGATGAGACGCTGG,0.0945242769362,0.9101488999999999,-2.9092373847961426,1.0,0.07292691,1.215760629,0.09452427695456735
27,GACGCATAAAGATGAGACGCTGG,GACGCACAAAGATGAGACGCTGG,0.0235738673331,0.88961655,-3.4628963470458984,0.99999094,0.07980549,0.278905307,0.023573867360673784
