CRISPR-Cas9 Residue,136,164,268,317,402,408,411,415,728,730,732,733,734,837,838,839,908,919,1010,1016,1017,1025,1122
136,0.0,13.129527517367707,30.069575185002655,8.717979199020927,9.805571451071804,17.419815337820847,17.606050975434297,12.50694431987848,52.712107484109254,49.135758874862006,50.6936976916219,53.74266557475528,54.45296293949196,31.693255854898432,34.4744873983884,34.49998912832021,43.68962383214927,47.33141946112507,71.35999519752492,76.813298933951,80.11476664096311,81.10430714969418,31.485154734853406
164,13.129527517367707,0.0,20.491027850061066,11.924140358062141,12.721319522475481,9.191395262722848,10.67648799625889,7.988297859661493,40.17401060320018,37.17788673696042,39.288374000164715,42.117028453703725,42.537115173466724,24.661220445817424,26.79650073072062,27.293492922698587,38.631701302096324,36.8238384515085,59.26593887301924,65.13333365371997,68.53639009732333,70.81786515716004,25.581080851833264
268,30.069575185002655,20.491027850061066,0.0,23.0881570473604,28.677558749421927,18.05538213574644,13.13144005206336,18.106933583089866,35.03163687745213,35.0267510174925,39.186851943418176,40.4912774045671,41.12411806677075,20.225065526728876,22.23220572274326,25.25005657481973,43.26077163698589,33.651652499675734,51.99900914454707,53.58540571393085,57.15762833175951,58.14098536212326,41.48710598608964
317,8.717979199020927,11.924140358062141,23.0881570473604,0.0,10.637020722151911,12.818403206399873,10.475266939406817,7.7862204702509015,49.324892285680086,46.312939676291364,48.5156276463432,51.20296063428999,52.176996617710564,25.28878080598306,28.47722647573725,29.20204609358788,41.59863397076829,43.478561994573575,67.45123348527197,71.38407998635225,74.71054644579026,74.82746412128269,35.26157897328532
402,9.805571451071804,12.721319522475481,28.677558749421927,10.637020722151911,0.0,11.956562115789358,16.12470432194936,15.106793164702939,47.201401201690956,42.904522737269374,44.040680199677006,47.12414681884609,48.34647041890535,24.464510182545585,26.85042219132337,26.19100833249423,34.016611831165484,39.60899083585857,64.82167691534997,70.22188082485374,73.34483954017662,73.85959490534505,28.16049118028038
408,17.419815337820847,9.191395262722848,18.05538213574644,12.818403206399873,11.956562115789358,0.0,8.20935333358783,12.02651072810155,37.17762542705753,33.80043048902289,35.963178905993956,38.58878309698206,39.76941463171452,15.813191323382783,18.09248130449222,18.55987424763861,31.58592097512187,30.8155163427709,54.969238742859766,59.582843899407976,62.85527521466189,63.800553913491456,28.69958434956872
411,17.606050975434297,10.67648799625889,13.13144005206336,10.475266939406817,16.12470432194936,8.20935333358783,0.0,7.501281865313229,40.638677865411026,38.468083373800496,41.40219526429598,43.659121672325604,44.587953509967825,18.63472686329209,21.61416457772625,23.2689208926849,38.793772610301964,35.95749939163615,58.57472136038664,61.86908461917201,65.2846364233745,65.80282187127493,34.93928729291212
415,12.50694431987848,7.988297859661493,18.106933583089866,7.7862204702509015,15.106793164702939,12.02651072810155,7.501281865313229,0.0,44.9033490613459,42.62706054968749,45.29898238297932,47.8247140661678,48.35127785135029,25.608020165350233,28.48458091393964,29.72368801303129,43.42813398225379,41.4684247720423,63.698057360327674,68.00189015161887,71.47109750312437,72.72882119520172,33.42513628439713
728,52.712107484109254,40.17401060320018,35.03163687745213,49.324892285680086,47.201401201690956,37.17762542705753,40.638677865411026,44.9033490613459,0.0,7.19507141053947,11.519114351547449,9.763068508100606,8.951517936287846,33.92838914497312,31.403769991408744,31.783860943984,37.66112464613688,16.42259427796513,20.041552480001084,29.749540070145013,32.92991568201453,41.37111974839214,38.70387529150684
730,49.135758874862006,37.17788673696042,35.0267510174925,46.312939676291364,42.904522737269374,33.80043048902289,38.468083373800496,42.62706054968749,7.19507141053947,0.0,5.404476823860686,5.775841501942495,6.705795358276633,30.986708198610593,28.299990504887344,27.951775122380273,31.581973660059116,12.071664143269805,23.172115657777063,33.490438556298685,36.42978971312418,43.6677833067916,33.648697257961985
732,50.6936976916219,39.288374000164715,39.186851943418176,48.5156276463432,44.040680199677006,35.963178905993956,41.40219526429598,45.29898238297932,11.519114351547449,5.404476823860686,0.0,3.864303957063643,5.666375370739421,33.458613759727925,30.628684404569903,29.672551708921183,29.99111503991649,13.123690864734266,23.70534204868235,35.37953018103061,37.97638169248851,45.38769039208574,32.484176713296584
733,53.74266557475528,42.117028453703725,40.4912774045671,51.20296063428999,47.12414681884609,38.58878309698206,43.659121672325604,47.8247140661678,9.763068508100606,5.775841501942495,3.864303957063643,0.0,3.874530382227281,35.07691911095585,32.104356377804685,31.37233740615259,32.109483429724875,13.634053451112882,19.98226719185812,31.947557792712953,34.50903313359914,42.53610140755374,36.08647051007545
734,54.45296293949196,42.537115173466724,41.12411806677075,52.176996617710564,48.34647041890535,39.76941463171452,44.587953509967825,48.35127785135029,8.951517936287846,6.705795358276633,5.666375370739421,3.874530382227281,0.0,37.39712193448129,34.626549432762964,34.06847949614849,35.337879524355806,16.9638246398419,20.32275044270427,33.15876231063025,35.77682732177178,44.75771843148667,35.71927482313725
837,31.693255854898432,24.661220445817424,20.225065526728876,25.28878080598306,24.464510182545585,15.813191323382783,18.63472686329209,25.608020165350233,33.92838914497312,30.986708198610593,33.458613759727925,35.07691911095585,37.39712193448129,0.0,3.8516153731756906,6.41058696335446,25.342693421736094,23.33806751582289,47.760790563799,49.222603862685226,52.20842157887232,50.584061268798415,39.191381730635804
838,34.4744873983884,26.79650073072062,22.23220572274326,28.47722647573725,26.85042219132337,18.09248130449222,21.61416457772625,28.48458091393964,31.403769991408744,28.299990504887344,30.628684404569903,32.104356377804685,34.626549432762964,3.8516153731756906,0.0,3.8313254344528365,23.056650934298087,19.9276801382538,44.48811215774055,46.09281401704958,49.01264679178449,47.558570080587224,39.0523392659937
839,34.49998912832021,27.293492922698587,25.25005657481973,29.20204609358788,26.19100833249423,18.55987424763861,23.2689208926849,29.72368801303129,31.783860943984,27.951775122380273,29.672551708921183,31.37233740615259,34.06847949614849,6.41058696335446,3.8313254344528365,0.0,19.37130343260224,19.022963910599035,44.5670569702521,46.92106137108358,49.71137645834899,48.37596906302836,37.443298739178225
908,43.68962383214927,38.631701302096324,43.26077163698589,41.59863397076829,34.016611831165484,31.58592097512187,38.793772610301964,43.42813398225379,37.66112464613688,31.581973660059116,29.99111503991649,32.109483429724875,35.337879524355806,25.342693421736094,23.056650934298087,19.37130343260224,0.0,22.517535005245104,46.34360270466027,51.65858432840276,53.57268321223477,52.88287544855343,36.650181307090136
919,47.33141946112507,36.8238384515085,33.651652499675734,43.478561994573575,39.60899083585857,30.8155163427709,35.95749939163615,41.4684247720423,16.42259427796513,12.071664143269805,13.123690864734266,13.634053451112882,16.9638246398419,23.33806751582289,19.9276801382538,19.022963910599035,22.517535005245104,0.0,26.64648883618869,32.75224531854992,35.4455048772234,38.655880433827406,37.02665581791201
1010,71.35999519752492,59.26593887301924,51.99900914454707,67.45123348527197,64.82167691534997,54.969238742859766,58.57472136038664,63.698057360327674,20.041552480001084,23.172115657777063,23.70534204868235,19.98226719185812,20.32275044270427,47.760790563799,44.48811215774055,44.5670569702521,46.34360270466027,26.64648883618869,0.0,15.860357805639024,17.499076342950147,29.95010305129239,55.865463015470816
1016,76.813298933951,65.13333365371997,53.58540571393085,71.38407998635225,70.22188082485374,59.582843899407976,61.86908461917201,68.00189015161887,29.749540070145013,33.490438556298685,35.37953018103061,31.947557792712953,33.15876231063025,49.222603862685226,46.09281401704958,46.92106137108358,51.65858432840276,32.75224531854992,15.860357805639024,0.0,3.856158893204627,16.008012144376853,66.93961646327942
1017,80.11476664096311,68.53639009732333,57.15762833175951,74.71054644579026,73.34483954017662,62.85527521466189,65.2846364233745,71.47109750312437,32.92991568201453,36.42978971312418,37.97638169248851,34.50903313359914,35.77682732177178,52.20842157887232,49.01264679178449,49.71137645834899,53.57268321223477,35.4455048772234,17.499076342950147,3.856158893204627,0.0,14.886149930793762,69.82757198518794
1025,81.10430714969418,70.81786515716004,58.14098536212326,74.82746412128269,73.85959490534505,63.800553913491456,65.80282187127493,72.72882119520172,41.37111974839214,43.6677833067916,45.38769039208574,42.53610140755374,44.75771843148667,50.584061268798415,47.558570080587224,48.37596906302836,52.88287544855343,38.655880433827406,29.95010305129239,16.008012144376853,14.886149930793762,0.0,75.38737415330937
1122,31.485154734853406,25.581080851833264,41.48710598608964,35.26157897328532,28.16049118028038,28.69958434956872,34.93928729291212,33.42513628439713,38.70387529150684,33.648697257961985,32.484176713296584,36.08647051007545,35.71927482313725,39.191381730635804,39.0523392659937,37.443298739178225,36.650181307090136,37.02665581791201,55.865463015470816,66.93961646327942,69.82757198518794,75.38737415330937,0.0
